id,full_name,email,course,dob,created_at
3,amit ,3icd6f3klu@cmhvzylmfc.com,aws,2001-11-12,2025-11-10 09:23:10.414295+00
2,ram,srohitkumar0007@gmail.com,data science ,2000-03-21,2025-11-10 09:03:06.55263+00
1,rohit kumar ,2105305@kiit.ac.in,devops,2003-12-31,2025-11-10 08:58:44.197091+00
10,shyam,vox0d0u8nj@wyoxafp.com,devops,Thu Nov 06 2025 00:00:00 GMT+0000 (Coordinated Universal Time),Mon Nov 10 2025 09:32:40 GMT+0000 (Coordinated Universal Time)
12,ram,23232323rohti@gmail.com,data science ,Thu Nov 06 2025 00:00:00 GMT+0000 (Coordinated Universal Time),Mon Nov 10 2025 09:33:53 GMT+0000 (Coordinated Universal Time)
15,Rohit kumar,srohiar0007@gmail.com,Computer Science,Wed Nov 19 2025 00:00:00 GMT+0000 (Coordinated Universal Time),+916204161758,"Patna,Bihar
Hbsbz",Mon Nov 10 2025 16:17:20 GMT+0000 (Coordinated Universal Time)
16,Rohit kumar,mar0007@gmail.com,DevOps,Wed Nov 12 2025 00:00:00 GMT+0000 (Coordinated Universal Time),+916204161758,"BHUBANESWAR,ODISHA,Patia,kiit university,kp 5
Hbsbz",Mon Nov 10 2025 16:20:30 GMT+0000 (Coordinated Universal Time)
1,abhishek,abhishekkur004@gmail.com,DevOps,Tue Mar 31 3333 00:00:00 GMT+0000 (Coordinated Universal Time),5451245284,asfydfysfd,Tue Nov 11 2025 06:58:22 GMT+0000 (Coordinated Universal Time)
